_id,hotness,activityHotness,primaryCategory,words,similarArticles,coins,description,publishedAt,title,url,source,thumbnail,sourceDomain,originalImageUrl
5f5fe374c24f7f0017430227,74084.08039098211,4.662057648772511,Exchanges,452,"[{'_id': '5f5efcb1e3182c00179ff971', 'title': 'Large Sellers “Pull the Rug” on Ethereum; Will This Lead to Further Downside?', 'publishedAt': '2020-09-14T01:00:00.000Z', 'sourceDomain': 'newsbtc.com', 'url': 'https://cryptocontrol.io/r/api/article/5f5efcb1e3182c00179ff971?ref=5f5ffe6559e3200017b06c42', 'thumbnail': 'https://cloudfront.cryptocontrol.io/thumbnails/5f5efcb1e3182c00179ff971-1600060593983.jpg'}, {'_id': '5f5fa5b7d150c9001a1893b9', 'title': 'Here’s What Bitcoin’s Strong Weekly Close Says About Its Present Outlook', 'publishedAt': '2020-09-14T16:00:18.000Z', 'sourceDomain': 'newsbtc.com', 'url': 'https://cryptocontrol.io/r/api/article/5f5fa5b7d150c9001a1893b9?ref=5f5ffe6559e3200017b06c42', 'thumbnail': 'https://cloudfront.cryptocontrol.io/thumbnails/5f5fa5b7d150c9001a1893b9-1600103864593.jpg'}, {'_id': '5f5d32d8127bd50017d13ae1', 'title': 'Ethereum is About to Make a Big Movement; But Will It Favor Bulls?', 'publishedAt': '2020-09-12T19:00:44.000Z', 'sourceDomain': 'bitcoinist.com', 'url': 'https://cryptocontrol.io/r/api/article/5f5d32d8127bd50017d13ae1?ref=5f5ffe6559e3200017b06c42', 'thumbnail': 'https://cloudfront.cryptocontrol.io/thumbnails/5f5d32d8127bd50017d13ae1-1599943384477.jpg'}, {'_id': '5f5c19ba72bcc8001d99ec62', 'title': 'It’s Make or Break for Ethereum Bulls as ETH Nears Critical Resistance', 'publishedAt': '2020-09-11T23:00:23.000Z', 'sourceDomain': 'newsbtc.com', 'url': 'https://cryptocontrol.io/r/api/article/5f5c19ba72bcc8001d99ec62?ref=5f5ffe6559e3200017b06c42', 'thumbnail': 'https://cloudfront.cryptocontrol.io/thumbnails/5f5c19ba72bcc8001d99ec62-1599871418303.jpg'}]","[{'_id': '5e3844aa16c3760019f74f7b', 'name': 'TOP', 'slug': 'top', 'tradingSymbol': 'TOP'}, {'_id': '5afcc60ced3b0e000f40d55c', 'name': 'KEY', 'slug': 'key', 'tradingSymbol': 'key'}, {'_id': '59d21e9b83a0523906a45e6e', 'name': 'Shift', 'slug': 'shift', 'tradingSymbol': 'SHIFT'}, {'_id': '59cb59f9b0836b0a63aebc7c', 'name': 'Ethereum', 'tradingSymbol': 'ETH', 'slug': 'ethereum'}, {'_id': '5cd36d8270d74700100891ad', 'name': 'NEXT', 'slug': 'next', 'tradingSymbol': 'NET'}]","Ethereum has shaken off the intense weakness it expressed throughout the day yesterday, with the cryptocurrency’s bulls now flexing immense signs of strength as its price pushes up towards the key resistance at $380.
",2020-09-14T20:30:36.000Z,Top Binance traders flip long on Ethereum as market structure grows strong,https://cryptocontrol.io/r/api/article/5f5fe374c24f7f0017430227?ref=5f5ffe6559e3200017b06c42,"{'_id': '5b4b590dc831fd000f6c4c66', 'name': 'CryptoSlate', 'url': 'https://cryptoslate.com', 'favicon': 'https://assets.cryptocontrol.io/favicons/5b4b590dc831fd000f6c4c66.png'}",https://cloudfront.cryptocontrol.io/thumbnails/5f5fe374c24f7f0017430227-1600119668682.jpg,cryptoslate.com,https://cryptoslate.com/wp-content/uploads/2020/07/ethereum-road.jpg
5f60581e8293c9001a01f745,74083.7933897115,3.1246860077931524,Exchanges,406,"[{'_id': '5f5a714e7d5025001c860b42', 'title': 'US Treasury Sanctions Crypto Accounts tied to Russia-Linked Troll Factory', 'publishedAt': '2020-09-10T16:04:40.000Z', 'sourceDomain': 'ihodl.com', 'url': 'https://cryptocontrol.io/r/api/article/5f5a714e7d5025001c860b42?ref=5f5ffe6559e3200017b06c42', 'thumbnail': 'https://cloudfront.cryptocontrol.io/thumbnails/5f5a714e7d5025001c860b42-1599762767363.jpg'}, {'_id': '5f5d3276127bd50017d13aca', 'title': 'US Sanctions Russians Allegedly Using Cryptocurrency to Influence Presidential Election', 'publishedAt': '2020-09-12T20:30:35.000Z', 'sourceDomain': 'news.bitcoin.com', 'url': 'https://cryptocontrol.io/r/api/article/5f5d3276127bd50017d13aca?ref=5f5ffe6559e3200017b06c42', 'thumbnail': 'https://cloudfront.cryptocontrol.io/thumbnails/5f5d3276127bd50017d13aca-1599943286878.jpg'}]","[{'_id': '59cb59e81c073f09e76f614b', 'name': 'Bitcoin', 'slug': 'bitcoin', 'tradingSymbol': 'BTC'}]","The U.S. Treasury accused Moscow of using a variety of proxies to sow discord between U.S. political parties and influence voters. [...]
",2020-09-15T04:00:44.000Z,US blacklists 23 digital currency addresses used in election interference,https://cryptocontrol.io/r/api/article/5f60581e8293c9001a01f745?ref=5f5ffe6559e3200017b06c42,"{'_id': '5b4b5666c831fd000f6a9178', 'name': 'CoinGeek', 'url': 'https://coingeek.com', 'favicon': 'https://assets.cryptocontrol.io/favicons/5b4b5666c831fd000f6a9178.png'}",https://cloudfront.cryptocontrol.io/thumbnails/5f60581e8293c9001a01f745-1600149534677.jpg,coingeek.com,https://coingeek.com/wp-content/uploads/2020/09/us-blacklists-23-digital-currency-addresses-used-in-election-interference.jpg
5f5f67e06654fc001af3d467,74083.00379326305,4.908145114895653,Exchanges,852,"[{'_id': '5f5ea1341213790019ab6332', 'title': 'Tokenizing Our Virtual Future: A Deep Dive Into Non-Fungible Tokens', 'publishedAt': '2020-09-13T18:40:54.000Z', 'sourceDomain': 'hackernoon.com', 'url': 'https://cryptocontrol.io/r/api/article/5f5ea1341213790019ab6332?ref=5f5ffe6559e3200017b06c42', 'thumbnail': 'https://cloudfront.cryptocontrol.io/thumbnails/5f5ea1341213790019ab6332-1600037172977.jpeg'}, {'_id': '5f5e77acb547d1001704484d', 'title': 'How Bitcoin Correlations Drive the Narrative - CoinDesk', 'publishedAt': '2020-09-13T18:07:22.000Z', 'sourceDomain': 'coindesk.com', 'url': 'https://cryptocontrol.io/r/api/article/5f5e77acb547d1001704484d?ref=5f5ffe6559e3200017b06c42', 'thumbnail': 'https://cloudfront.cryptocontrol.io/thumbnails/5f5e77acb547d1001704484d-1600026540131.jpg'}, {'_id': '5f5ddc0976a98b001ac6d0a7', 'title': 'From open arms to full bans: The latest on crypto regulation in Asia ', 'publishedAt': '2020-09-13T07:00:00.000Z', 'sourceDomain': 'cointelegraph.com', 'url': 'https://cryptocontrol.io/r/api/article/5f5ddc0976a98b001ac6d0a7?ref=5f5ffe6559e3200017b06c42', 'thumbnail': 'https://cloudfront.cryptocontrol.io/thumbnails/5f5ddc0976a98b001ac6d0a7-1599986699288.jpg'}, {'_id': '5f5d95f674ff0800176c5007', 'title': 'Bitcoin Hashrate Ramps to 130 Exahash Amid Next-Generation Miner Shortage', 'publishedAt': '2020-09-13T02:30:20.000Z', 'sourceDomain': 'news.bitcoin.com', 'url': 'https://cryptocontrol.io/r/api/article/5f5d95f674ff0800176c5007?ref=5f5ffe6559e3200017b06c42', 'thumbnail': 'https://cloudfront.cryptocontrol.io/thumbnails/5f5d95f674ff0800176c5007-1599968758962.jpg'}, {'_id': '5f5d698e8be196001bea8f06', 'title': 'Morgan Stanley Strategist Recommends Bitcoin as Central Banks Ramp Up Money Printing', 'publishedAt': '2020-09-13T00:30:18.000Z', 'sourceDomain': 'news.bitcoin.com', 'url': 'https://cryptocontrol.io/r/api/article/5f5d698e8be196001bea8f06?ref=5f5ffe6559e3200017b06c42', 'thumbnail': 'https://cloudfront.cryptocontrol.io/thumbnails/5f5d698e8be196001bea8f06-1599957390786.jpg'}, {'_id': '5f5d69018be196001bea8ecf', 'title': 'DeFi mainstreaming impossible until DEXs integrate layer 2, experts say', 'publishedAt': '2020-09-12T22:43:00.000Z', 'sourceDomain': 'cointelegraph.com', 'url': 'https://cryptocontrol.io/r/api/article/5f5d69018be196001bea8ecf?ref=5f5ffe6559e3200017b06c42', 'thumbnail': 'https://cloudfront.cryptocontrol.io/thumbnails/5f5d69018be196001bea8ecf-1599957250164.jpg'}]","[{'_id': '5e3844a816c3760019f74b72', 'name': 'Defi', 'slug': 'defi', 'tradingSymbol': 'DEFI'}, {'_id': '5a7b930d02ac032bc99781ba', 'name': 'Dai', 'slug': 'dai', 'tradingSymbol': 'dai'}, {'_id': '59cb59e81c073f09e76f614b', 'name': 'Bitcoin', 'slug': 'bitcoin', 'tradingSymbol': 'BTC'}, {'_id': '5b4be006c831fd000fc41c2d', 'name': 'Record', 'slug': 'record', 'tradingSymbol': 'rcd'}, {'_id': '5cd36d8270d74700100891ad', 'name': 'NEXT', 'slug': 'next', 'tradingSymbol': 'NET'}]","Though no fresh stimulus is expected this week from the Fed, bitcoiners betting on money printing could just wait for the next sell-off in U.S stocks.
",2020-09-14T12:34:26.000Z,"First Mover: As Central Banks Print $1.4B an Hour, Bitcoiners Bet on Federal Reserve 'Capture' - CoinDesk",https://cryptocontrol.io/r/api/article/5f5f67e06654fc001af3d467?ref=5f5ffe6559e3200017b06c42,"{'_id': '59ce11393a44cf289a9a71f5', 'name': 'CoinDesk', 'url': 'http://coindesk.com', 'favicon': 'https://assets.cryptocontrol.io/favicons/59ce11393a44cf289a9a71f5.png'}",https://cloudfront.cryptocontrol.io/thumbnails/5f5f67e06654fc001af3d467-1600088032168.jpg,coindesk.com,https://static.coindesk.com/wp-content/uploads/2020/09/MOSHED-2020-9-14-6-50-42.jpg
5f5fb296d150c9001a190d8a,74081.75441185621,3.13293037471426,Exchanges,504,"[{'_id': '5f5f86a08aad840017aec4b5', 'title': 'DeFi platform bZX sees new $8M hack from one misplaced line of code', 'publishedAt': '2020-09-14T13:04:00.000Z', 'sourceDomain': 'cointelegraph.com', 'url': 'https://cryptocontrol.io/r/api/article/5f5f86a08aad840017aec4b5?ref=5f5ffe6559e3200017b06c42', 'thumbnail': 'https://cloudfront.cryptocontrol.io/thumbnails/5f5f86a08aad840017aec4b5-1600095904489.jpg'}, {'_id': '5f5fa5b7d150c9001a1893ba', 'title': '1Inch Exchange Co-Founder Disputes Claims bZx Attackers Stole $8m in DeFi Exploit', 'publishedAt': '2020-09-14T15:16:13.000Z', 'sourceDomain': 'newsbtc.com', 'url': 'https://cryptocontrol.io/r/api/article/5f5fa5b7d150c9001a1893ba?ref=5f5ffe6559e3200017b06c42', 'thumbnail': 'https://cloudfront.cryptocontrol.io/thumbnails/5f5fa5b7d150c9001a1893ba-1600103865381.jpg'}]","[{'_id': '5e3844a816c3760019f74b72', 'name': 'Defi', 'slug': 'defi', 'tradingSymbol': 'DEFI'}, {'_id': '59cb59e81c073f09e76f614b', 'name': 'Bitcoin', 'slug': 'bitcoin', 'tradingSymbol': 'BTC'}, {'_id': '5a7b930d02ac032bc99781ba', 'name': 'Dai', 'slug': 'dai', 'tradingSymbol': 'dai'}, {'_id': '5f2350fca4a36200194a4075', 'name': 'bZx Protocol', 'slug': 'bzx-protocol', 'tradingSymbol': 'BZRX'}]","The DeFi platform bZx was exploited for $8.1 million on Sunday, September 13th; this is the third time this year that bZx has been exploited.  How the bZx exploit happened The bZx team noticed that there had been an exploit when a single withdrawal resulted in a significant drop in their Total Value…",2020-09-14T15:43:44.000Z,DeFi platform bZx exploited for $8.1 million,https://cryptocontrol.io/r/api/article/5f5fb296d150c9001a190d8a?ref=5f5ffe6559e3200017b06c42,"{'_id': '5b4b5666c831fd000f6a9178', 'name': 'CoinGeek', 'url': 'https://coingeek.com', 'favicon': 'https://assets.cryptocontrol.io/favicons/5b4b5666c831fd000f6a9178.png'}",https://cloudfront.cryptocontrol.io/thumbnails/5f5fb296d150c9001a190d8a-1600107158190.png,coingeek.com,https://coingeek.com/wp-content/uploads/2020/09/bZx-exploited-for-8.1-million-1.png
5f6059608293c9001a020e78,74081.07732489669,0.12468600779315259,Exchanges,377,[],"[{'_id': '59cb59e81c073f09e76f614b', 'name': 'Bitcoin', 'slug': 'bitcoin', 'tradingSymbol': 'BTC'}]",The CFTC has filed a complaint against four individuals for allegedly fraudulently soliciting funds from customers to speculate in Bitcoin price movements.,2020-09-15T05:42:57.000Z,CFTC Files Complaint Against Operators of Global Trading Club,https://cryptocontrol.io/r/api/article/5f6059608293c9001a020e78?ref=5f5ffe6559e3200017b06c42,"{'_id': '5b4b5a26c831fd000f6cff77', 'name': 'Finance Magnates', 'url': 'https://www.financemagnates.com', 'favicon': 'https://assets.cryptocontrol.io/favicons/5b4b5a26c831fd000f6cff77.jpg'}",https://cloudfront.cryptocontrol.io/thumbnails/5f6059608293c9001a020e78-1600149856176.jpg,financemagnates.com,https://www.financemagnates.com/wp-content/uploads/2018/01/CFTC2.jpg
5f6059678293c9001a020e8a,74081.01667863964,0.12700271372130603,Exchanges,462,[],"[{'_id': '59cb59e81c073f09e76f614b', 'name': 'Bitcoin', 'slug': 'bitcoin', 'tradingSymbol': 'BTC'}]","Fisco Cryptocurrency Exchange has filed a complaint against Binance Holdings Ltd., claiming that it facilitated the laundering of stolen funds from Zaif.",2020-09-15T05:20:17.000Z,Fisco Files Complaint Against Binance for Facilitating Money Laundering,https://cryptocontrol.io/r/api/article/5f6059678293c9001a020e8a?ref=5f5ffe6559e3200017b06c42,"{'_id': '5b4b5a26c831fd000f6cff77', 'name': 'Finance Magnates', 'url': 'https://www.financemagnates.com', 'favicon': 'https://assets.cryptocontrol.io/favicons/5b4b5a26c831fd000f6cff77.jpg'}",https://cloudfront.cryptocontrol.io/thumbnails/5f6059678293c9001a020e8a-1600149863774.jpg,financemagnates.com,https://www.financemagnates.com/wp-content/uploads/2018/03/Binance-logo.jpg
5f604da48293c9001a019c35,74080.68023274036,0.1254642218373581,Exchanges,199,[],"[{'_id': '59d21e9b83a0523906a45dd4', 'name': 'Binance Coin', 'slug': 'binance-coin', 'tradingSymbol': 'BNB'}, {'_id': '5e3844a816c3760019f74b72', 'name': 'Defi', 'slug': 'defi', 'tradingSymbol': 'DEFI'}]",Binance DeFi integration causes a spike in network activity while creating interest in Binance Coin. BNB seeks support after rejection at $34; the buyer congestion at $28 to come in handy. Binance Coin dived to lows of $6.4 following the Black Thursday crash in March. The majority of markets around…,2020-09-15T03:19:43.000Z,"Binance Coin Technical Analysis: BNB Drawing Closer To Yearly Highs, DeFi Integration Spikes Interest",https://cryptocontrol.io/r/api/article/5f604da48293c9001a019c35?ref=5f5ffe6559e3200017b06c42,"{'_id': '5acce099ec0af7be35c79e60', 'name': 'CoinGape', 'url': 'https://coingape.com', 'favicon': 'https://assets.cryptocontrol.io/favicons/5acce099ec0af7be35c79e60.png'}",https://cloudfront.cryptocontrol.io/thumbnails/5f604da48293c9001a019c35-1600146852994.png,coingape.com,https://cdn.coingape.com/wp-content/uploads/2020/09/15084448/SEP15-BNB.png
5f5fb389d150c9001a1916d9,74080.3836435351,1.6322083499169113,Exchanges,321,"[{'_id': '5f5e77e6b547d10017044886', 'title': 'Binance CEO wants more Ethereum-based DeFi projects to join his platform', 'publishedAt': '2020-09-13T18:00:00.000Z', 'sourceDomain': 'cointelegraph.com', 'url': 'https://cryptocontrol.io/r/api/article/5f5e77e6b547d10017044886?ref=5f5ffe6559e3200017b06c42', 'thumbnail': 'https://cloudfront.cryptocontrol.io/thumbnails/5f5e77e6b547d10017044886-1600026598553.jpg'}]","[{'_id': '59cb59f9b0836b0a63aebc7c', 'name': 'Ethereum', 'tradingSymbol': 'ETH', 'slug': 'ethereum'}, {'_id': '59d21e9b83a0523906a45dc3', 'name': 'Gas', 'slug': 'gas', 'tradingSymbol': 'GAS'}, {'_id': '5e3844a816c3760019f74b72', 'name': 'Defi', 'slug': 'defi', 'tradingSymbol': 'DEFI'}]",The CEO of Binance Changpeng Zhao wants more smart contract projects to move to the Binance Smart Chain platform in the near future.,2020-09-14T16:30:31.000Z,Binance CEO CZ Wants More DeFi Projects on Smart...,https://cryptocontrol.io/r/api/article/5f5fb389d150c9001a1916d9?ref=5f5ffe6559e3200017b06c42,"{'_id': '5b4b5794c831fd000f6b5152', 'name': 'CoinSpeaker', 'url': 'https://www.coinspeaker.com/', 'favicon': 'https://assets.cryptocontrol.io/favicons/5b4b5794c831fd000f6b5152.png'}",https://cloudfront.cryptocontrol.io/thumbnails/5f5fb389d150c9001a1916d9-1600107401362.jpg,coinspeaker.com,https://www.coinspeaker.com/wp-content/uploads/2020/09/changpeng-zhao-binance-defi.jpg
5f60200c9cc00d001aee770c,74080.12490694772,0.12231435513142097,Exchanges,386,[],"[{'_id': '5b7ca78b0c38a700190ebdff', 'name': 'Own', 'slug': 'own', 'tradingSymbol': 'CHX'}, {'_id': '59cb59e81c073f09e76f614b', 'name': 'Bitcoin', 'slug': 'bitcoin', 'tradingSymbol': 'BTC'}]","The company, also known as ROI STOCK LIMITED, claims on its website that it charges 0% commission while offering over 125 assets to trade. [...]
",2020-09-15T00:00:56.000Z,Digital currency broker RaxTrade not licensed in Austria: watchdog,https://cryptocontrol.io/r/api/article/5f60200c9cc00d001aee770c?ref=5f5ffe6559e3200017b06c42,"{'_id': '5b4b5666c831fd000f6a9178', 'name': 'CoinGeek', 'url': 'https://coingeek.com', 'favicon': 'https://assets.cryptocontrol.io/favicons/5b4b5666c831fd000f6a9178.png'}",https://cloudfront.cryptocontrol.io/thumbnails/5f60200c9cc00d001aee770c-1600135180309.jpg,coingeek.com,https://coingeek.com/wp-content/uploads/2020/09/Digital-currency-broker-RaxTrade-not-licensed-in-Austria-watchdog.jpg
5f6026549cc00d001aeeb862,74080.08950006099,0.12311117209633866,Exchanges,591,[],"[{'_id': '59d21e9b83a0523906a45dd4', 'name': 'Binance Coin', 'slug': 'binance-coin', 'tradingSymbol': 'BNB'}, {'_id': '5a7b931102ac032bc99781f1', 'name': 'DATA', 'slug': 'data', 'tradingSymbol': 'DTA'}]","BNB Price Analysis – September 14 Binance Coin (BNB) price may find a halt at $28 as the price is down by 1.39% over the last 24 hours. BNB/USD Market Key Levels: Resistance levels: $36, $37, $38 Support levels: $26, $25, $24 BNB/USD price has continued to drop further lower until it finds support…",2020-09-14T23:47:54.000Z,Binance Coin Price Analysis: BNB/USD Reverses the Trend by Losing 1.39% Over Last Few Hours,https://cryptocontrol.io/r/api/article/5f6026549cc00d001aeeb862?ref=5f5ffe6559e3200017b06c42,"{'_id': '5bacc0ff0c38a700190994a8', 'name': 'Cryptovibes', 'url': 'https://www.cryptovibes.com/', 'favicon': 'https://assets.cryptocontrol.io/favicons/5bacc0ff0c38a700190994a8.png'}",https://cloudfront.cryptocontrol.io/thumbnails/5f6026549cc00d001aeeb862-1600136789686.png,cryptovibes.com,https://www.cryptovibes.com/wp-content/uploads/2020/09/BNBUSD_12092020.png
5f6026a99cc00d001aeeb869,74080.03901573966,0.11906203596086498,Exchanges,345,[],"[{'_id': '5e3844aa16c3760019f74f7b', 'name': 'TOP', 'slug': 'top', 'tradingSymbol': 'TOP'}, {'_id': '59cb59e81c073f09e76f614b', 'name': 'Bitcoin', 'slug': 'bitcoin', 'tradingSymbol': 'BTC'}, {'_id': '5b7ca78b0c38a700190ebdff', 'name': 'Own', 'slug': 'own', 'tradingSymbol': 'CHX'}]","Paxful said goodbye to its Venezuelan users, claiming it was too risky to keep offering services within the South American country.
",2020-09-14T23:31:11.000Z,"Bitcoin Exchange Paxful Exits Venezuela, Citing US Sanctions",https://cryptocontrol.io/r/api/article/5f6026a99cc00d001aeeb869?ref=5f5ffe6559e3200017b06c42,"{'_id': '5badd2e80c38a70019e35b97', 'name': 'Decrypt Media', 'url': 'https://decryptmedia.com/', 'favicon': 'https://assets.cryptocontrol.io/favicons/5badd2e80c38a70019e35b97.jpg'}",https://cloudfront.cryptocontrol.io/thumbnails/5f6026a99cc00d001aeeb869-1600136874354.jpg,decrypt.co,https://cdn.decrypt.co/resize/1024/height/512/wp-content/uploads/2020/09/we-are-closed-gID_4.jpg
5f5ffc3777fd0b0017b01e6c,74079.95776420421,0.12623642644674912,Exchanges,691,[],"[{'_id': '59cb59f9b0836b0a63aebc7c', 'name': 'Ethereum', 'tradingSymbol': 'ETH', 'slug': 'ethereum'}, {'_id': '5e3844a816c3760019f74b72', 'name': 'Defi', 'slug': 'defi', 'tradingSymbol': 'DEFI'}, {'_id': '5e3844aa16c3760019f74f7b', 'name': 'TOP', 'slug': 'top', 'tradingSymbol': 'TOP'}, {'_id': '5b7ca78b0c38a700190ebdff', 'name': 'Own', 'slug': 'own', 'tradingSymbol': 'CHX'}, {'_id': '59d21e9b83a0523906a45e64', 'name': 'Quantum', 'slug': 'quantum', 'tradingSymbol': 'qau'}, {'_id': '5be61f883c4bad00168c1da8', 'name': 'DEX', 'slug': 'dex', 'tradingSymbol': 'DEX'}, {'_id': '5e3844aa16c3760019f74eb4', 'name': 'Constant', 'slug': 'constant', 'tradingSymbol': 'CONST'}]","Binance’s new yield farming platform has breathed new life into its token, BNB. And it could bring DeFi principles to a wider audience. ",2020-09-14T22:59:21.000Z,Binance Aims Sights at Ethereum With DeFi Yield Farming Play,https://cryptocontrol.io/r/api/article/5f5ffc3777fd0b0017b01e6c?ref=5f5ffe6559e3200017b06c42,"{'_id': '5badd2e80c38a70019e35b97', 'name': 'Decrypt Media', 'url': 'https://decryptmedia.com/', 'favicon': 'https://assets.cryptocontrol.io/favicons/5badd2e80c38a70019e35b97.jpg'}",https://cloudfront.cryptocontrol.io/thumbnails/5f5ffc3777fd0b0017b01e6c-1600126007671.jpg,decrypt.co,https://cdn.decrypt.co/resize/1024/height/512/wp-content/uploads/2020/09/Binance-Launchpool-gID_4.jpg
5f5ff560c24f7f0017439f13,74079.75318087089,0.12623642644674912,Exchanges,432,[],"[{'_id': '59d21e9b83a0523906a45dd4', 'name': 'Binance Coin', 'slug': 'binance-coin', 'tradingSymbol': 'BNB'}, {'_id': '5a7b931102ac032bc99781f1', 'name': 'DATA', 'slug': 'data', 'tradingSymbol': 'DTA'}, {'_id': '59cb59f9b0836b0a63aebc7c', 'name': 'Ethereum', 'tradingSymbol': 'ETH', 'slug': 'ethereum'}, {'_id': '59d21e9b83a0523906a45f61', 'name': 'Cream', 'slug': 'cream', 'tradingSymbol': 'CRM'}, {'_id': '5e3844a816c3760019f74b72', 'name': 'Defi', 'slug': 'defi', 'tradingSymbol': 'DEFI'}, {'_id': '5e3844aa16c3760019f74eb4', 'name': 'Constant', 'slug': 'constant', 'tradingSymbol': 'CONST'}]","After a rocky sideways movement for over 2 months, Binance Coin (BNB) struggled its way to the top to reach $33.04, its highest since the last $31.64 hike yesterday. For a short period, Binance Coin (BNB) overtook Polkadot and Chainlink to rank the fifth-largest cryptocurrency by market…",2020-09-14T21:45:42.000Z,DeFi Dominance: Binance Coin [BNB] Hits $33.04 High With Large Transaction Volumes,https://cryptocontrol.io/r/api/article/5f5ff560c24f7f0017439f13?ref=5f5ffe6559e3200017b06c42,"{'_id': '5acce099ec0af7be35c79e60', 'name': 'CoinGape', 'url': 'https://coingape.com', 'favicon': 'https://assets.cryptocontrol.io/favicons/5acce099ec0af7be35c79e60.png'}",https://cloudfront.cryptocontrol.io/thumbnails/5f5ff560c24f7f0017439f13-1600124256874.jpg,coingape.com,https://cdn.coingape.com/wp-content/uploads/2020/09/15005309/rocket-launch-67643_1920.jpg
5f5f6a65b47a3f00187f7749,74079.28931252804,1.6207014169384326,Exchanges,496,"[{'_id': '5f5f5bae3e7a41001a1fb610', 'title': 'Binance Chain is getting its own DeFi yield farms after Ethereum', 'publishedAt': '2020-09-14T12:00:31.000Z', 'sourceDomain': 'cryptoslate.com', 'url': 'https://cryptocontrol.io/r/api/article/5f5f5bae3e7a41001a1fb610?ref=5f5ffe6559e3200017b06c42', 'thumbnail': 'https://cloudfront.cryptocontrol.io/thumbnails/5f5f5bae3e7a41001a1fb610-1600084910284.jpg'}]","[{'_id': '59cb59e81c073f09e76f614b', 'name': 'Bitcoin', 'slug': 'bitcoin', 'tradingSymbol': 'BTC'}, {'_id': '59d21e9b83a0523906a45dd4', 'name': 'Binance Coin', 'slug': 'binance-coin', 'tradingSymbol': 'BNB'}, {'_id': '5e3844aa16c3760019f74f7b', 'name': 'TOP', 'slug': 'top', 'tradingSymbol': 'TOP'}, {'_id': '59d21e9b83a0523906a45f2b', 'name': 'Altcoin', 'slug': 'altcoin-alt', 'tradingSymbol': 'alt'}, {'_id': '5e3844a816c3760019f74be2', 'name': 'Rally', 'slug': 'rally', 'tradingSymbol': 'RALLY'}, {'_id': '5e3844aa16c3760019f74eb4', 'name': 'Constant', 'slug': 'constant', 'tradingSymbol': 'CONST'}]","Binance Coin (BNB), which some see as a leading indicator for the altcoin market, has been on a strong rally over the past few weeks. The coin, after undergoing a strong correction, has surged against both the U.S. dollar and against Bitcoin. The coin has effectively doubled against Bitcoin over the…",2020-09-14T10:00:42.000Z,"Despite DeFi Pivot, Binance Coin (BNB) Just Formed a Pivotal Sell Signal",https://cryptocontrol.io/r/api/article/5f5f6a65b47a3f00187f7749?ref=5f5ffe6559e3200017b06c42,"{'_id': '59d8e471ef8bf95cc2c16858', 'name': 'Bitcoinist', 'url': 'https://bitcoinist.com', 'favicon': 'https://assets.cryptocontrol.io/favicons/59d8e471ef8bf95cc2c16858.png'}",https://cloudfront.cryptocontrol.io/thumbnails/5f5f6a65b47a3f00187f7749-1600088679479.jpg,bitcoinist.com,https://bitcoinist.com/wp-content/uploads/2020/06/shutterstock_603234575-1920x805.jpg
5f5fce50c24f7f0017423cfd,74079.25281050052,0.12623642644674912,Exchanges,263,[],"[{'_id': '59cb59e81c073f09e76f614b', 'name': 'Bitcoin', 'slug': 'bitcoin', 'tradingSymbol': 'BTC'}, {'_id': '5e3844a916c3760019f74c8b', 'name': 'CREDIT', 'slug': 'credit', 'tradingSymbol': 'CREDIT'}]",Tbilisi-based GEX.exchange announced its successful launch this summer as the highest liquidity exchange in Georgia.,2020-09-14T18:45:34.000Z,GEX: Georgian Crypto Exchange Expands to Regional Markets,https://cryptocontrol.io/r/api/article/5f5fce50c24f7f0017423cfd?ref=5f5ffe6559e3200017b06c42,"{'_id': '5b4b5794c831fd000f6b5152', 'name': 'CoinSpeaker', 'url': 'https://www.coinspeaker.com/', 'favicon': 'https://assets.cryptocontrol.io/favicons/5b4b5794c831fd000f6b5152.png'}",https://cloudfront.cryptocontrol.io/thumbnails/5f5fce50c24f7f0017423cfd-1600114256167.png,coinspeaker.com,https://www.coinspeaker.com/wp-content/uploads/2020/09/gex.png
5f5fc0f7d150c9001a1990c3,74079.21723419521,0.12700271372130603,Exchanges,5,[],"[{'_id': '59cb59e81c073f09e76f614b', 'name': 'Bitcoin', 'slug': 'bitcoin', 'tradingSymbol': 'BTC'}]","The CFTC alleged four individuals stole close to $1 million from customers by promising returns from a bitcoin trading scheme.
",2020-09-14T18:32:29.000Z,CFTC Sues Over $1M Bitcoin Trading Scheme - CoinDesk,https://cryptocontrol.io/r/api/article/5f5fc0f7d150c9001a1990c3?ref=5f5ffe6559e3200017b06c42,"{'_id': '59ce11393a44cf289a9a71f5', 'name': 'CoinDesk', 'url': 'http://coindesk.com', 'favicon': 'https://assets.cryptocontrol.io/favicons/59ce11393a44cf289a9a71f5.png'}",https://cloudfront.cryptocontrol.io/thumbnails/5f5fc0f7d150c9001a1990c3-1600110839559.jpg,coindesk.com,https://static.coindesk.com/wp-content/uploads/2018/12/CFTC.jpg
5f5fb4fdd150c9001a19276f,74079.12457804609,0.11397619423751587,Exchanges,387,[],"[{'_id': '5de5a582d37160001ab4bdff', 'name': 'XRP', 'slug': 'xrp', 'tradingSymbol': 'XRP'}, {'_id': '5b1b1885bad05a000f195d03', 'name': 'Engine', 'slug': 'engine', 'tradingSymbol': 'EGCC'}, {'_id': '5e3844aa16c3760019f74f7b', 'name': 'TOP', 'slug': 'top', 'tradingSymbol': 'TOP'}]","Alabama was one of the 13 states not included in Binance.US’s original launch in the US.
",2020-09-14T18:03:49.000Z,Binance.US Expands Trading Services into Alabama,https://cryptocontrol.io/r/api/article/5f5fb4fdd150c9001a19276f?ref=5f5ffe6559e3200017b06c42,"{'_id': '5b4b5a26c831fd000f6cff77', 'name': 'Finance Magnates', 'url': 'https://www.financemagnates.com', 'favicon': 'https://assets.cryptocontrol.io/favicons/5b4b5a26c831fd000f6cff77.jpg'}",https://cloudfront.cryptocontrol.io/thumbnails/5f5fb4fdd150c9001a19276f-1600107773468.jpg,financemagnates.com,https://www.financemagnates.com/wp-content/uploads/2019/09/binance-2-Edited.jpg
5f5fc100d150c9001a1990e4,74079.03909804884,0.11988508587451652,Exchanges,434,[],"[{'_id': '59cb59f9b0836b0a63aebc7c', 'name': 'Ethereum', 'tradingSymbol': 'ETH', 'slug': 'ethereum'}, {'_id': '59d21e9b83a0523906a45dc3', 'name': 'Gas', 'slug': 'gas', 'tradingSymbol': 'GAS'}, {'_id': '5a7b931902ac032bc9978264', 'name': 'Equal', 'slug': 'equal', 'tradingSymbol': 'EQL'}, {'_id': '5c05c3873c4bad0016c2504d', 'name': 'Online', 'slug': 'online', 'tradingSymbol': 'oio'}, {'_id': '5e3844a816c3760019f74b72', 'name': 'Defi', 'slug': 'defi', 'tradingSymbol': 'DEFI'}]","ConsenSys’ anti-speculation platform, Activate, has completed its first token sale with roughly 4,000 investors from 90 countries.
",2020-09-14T17:30:55.000Z,SKALE Completes $5M Token Sale on ConsenSys' Anti-Speculation Platform - CoinDesk,https://cryptocontrol.io/r/api/article/5f5fc100d150c9001a1990e4?ref=5f5ffe6559e3200017b06c42,"{'_id': '59ce11393a44cf289a9a71f5', 'name': 'CoinDesk', 'url': 'http://coindesk.com', 'favicon': 'https://assets.cryptocontrol.io/favicons/59ce11393a44cf289a9a71f5.png'}",https://cloudfront.cryptocontrol.io/thumbnails/5f5fc100d150c9001a1990e4-1600110848274.jpg,coindesk.com,https://static.coindesk.com/wp-content/uploads/2020/09/MOSHED-2020-9-14-13-29-24.jpg
5f5f876f8aad840017aec4dd,74078.5603236144,0.12231435513142097,Exchanges,436,[],"[{'_id': '59d21e9b83a0523906a45dda', 'name': 'ChainLink', 'slug': 'chainlink', 'tradingSymbol': 'LINK'}, {'_id': '59d21e9b83a0523906a45dd4', 'name': 'Binance Coin', 'slug': 'binance-coin', 'tradingSymbol': 'BNB'}, {'_id': '59d21e9b83a0523906a45f61', 'name': 'Cream', 'slug': 'cream', 'tradingSymbol': 'CRM'}]","Binance Coin climbs above Polkadot (DOT) and ChainLink (LINK) as the 5th largest cryptocurrency...
",2020-09-14T14:37:41.000Z,Binance (BNB) hits 2020 high and replaces Polkadot among top 5 cryptocurrencies,https://cryptocontrol.io/r/api/article/5f5f876f8aad840017aec4dd?ref=5f5ffe6559e3200017b06c42,"{'_id': '59d71bc4ef8bf95cc2aaf570', 'name': 'CoinJournal', 'url': 'http://coinjournal.net', 'favicon': 'https://assets.cryptocontrol.io/favicons/59d71bc4ef8bf95cc2aaf570.png'}",https://cloudfront.cryptocontrol.io/thumbnails/5f5f876f8aad840017aec4dd-1600096112661.jpg,coinjournal.net,https://coinjournal.net/wp-content/uploads/2020/09/02-Binance.jpg
5f5f7e1b2e6f610017283aee,74078.34476805884,0.12231435513142097,Exchanges,266,[],"[{'_id': '59cb59e81c073f09e76f614b', 'name': 'Bitcoin', 'slug': 'bitcoin', 'tradingSymbol': 'BTC'}]","The company invites central banks and other entities to evaluate digital currencies on blockchain in a country or region MasterCard has launched a Central Bank Digital Currencies (CBDCs) testing platform, allowing central banks to test and explore national digital currencies in a virtual space. The…",2020-09-14T13:20:05.000Z,MasterCard brings out a platform to test national digital currencies,https://cryptocontrol.io/r/api/article/5f5f7e1b2e6f610017283aee?ref=5f5ffe6559e3200017b06c42,"{'_id': '5bed18a43c4bad00161b28f6', 'name': 'Crypto Reporter ', 'url': 'https://www.crypto-reporter.com', 'favicon': 'https://assets.cryptocontrol.io/favicons/5bed18a43c4bad00161b28f6.png'}",https://cloudfront.cryptocontrol.io/thumbnails/5f5f7e1b2e6f610017283aee-1600093723769.jpg,crypto-reporter.com,https://www.crypto-reporter.com/wp-content/uploads/2020/09/mastercard_1.jpg
5f5f7e4f8aad840017ae68df,74078.33596363716,0.11823215567939548,Exchanges,447,[],"[{'_id': '59cb59e81c073f09e76f614b', 'name': 'Bitcoin', 'slug': 'bitcoin', 'tradingSymbol': 'BTC'}, {'_id': '5e3844a816c3760019f74b72', 'name': 'Defi', 'slug': 'defi', 'tradingSymbol': 'DEFI'}, {'_id': '59d21e9b83a0523906a45dc3', 'name': 'Gas', 'slug': 'gas', 'tradingSymbol': 'GAS'}, {'_id': '5e3844a816c3760019f74be2', 'name': 'Rally', 'slug': 'rally', 'tradingSymbol': 'RALLY'}, {'_id': '5a1aafdbda3d21115462ee14', 'name': 'Change', 'slug': 'change', 'tradingSymbol': 'CAG'}]","BNB to Set New ATH Very Soon The native token of Binance, BNB nowadays has managed to gather spotlight by surging at breathtaking speed. In the span of just seven days, the digital asset has managed to jump nearly 50 percent.  Currently, BNB coin is trading at $32.01 against USD with a positive…",2020-09-14T13:18:23.000Z,Binance Launching AMM Shoots up BNB Coin Close to Its ATH,https://cryptocontrol.io/r/api/article/5f5f7e4f8aad840017ae68df?ref=5f5ffe6559e3200017b06c42,"{'_id': '5bf00e7e3c4bad0016748067', 'name': 'Coinpedia', 'url': 'https://coinpedia.org/', 'favicon': 'https://assets.cryptocontrol.io/favicons/5bf00e7e3c4bad0016748067.png'}",,coinpedia.org,
5f5f675b6654fc001af3d450,74078.24898860007,0.1343589704390077,Exchanges,361,[],"[{'_id': '5be61f883c4bad00168c1da8', 'name': 'DEX', 'slug': 'dex', 'tradingSymbol': 'DEX'}, {'_id': '59cb59f9b0836b0a63aebc7c', 'name': 'Ethereum', 'tradingSymbol': 'ETH', 'slug': 'ethereum'}, {'_id': '5e3844a816c3760019f74b72', 'name': 'Defi', 'slug': 'defi', 'tradingSymbol': 'DEFI'}, {'_id': '5b4be006c831fd000fc41c2d', 'name': 'Record', 'slug': 'record', 'tradingSymbol': 'rcd'}, {'_id': '59d21e9b83a0523906a45f61', 'name': 'Cream', 'slug': 'cream', 'tradingSymbol': 'CRM'}, {'_id': '59d21e9b83a0523906a45dc3', 'name': 'Gas', 'slug': 'gas', 'tradingSymbol': 'GAS'}]","Binance may be trying to dominate the DeFi space, just like the crypto sector THE crypto exchange Malta-based has launched several products in the past…
",2020-09-14T12:41:16.000Z,Binance aims to enter the DeFi sector,https://cryptocontrol.io/r/api/article/5f5f675b6654fc001af3d450?ref=5f5ffe6559e3200017b06c42,"{'_id': '5d9ec6b0d37160001a8c2a84', 'name': 'OurBitcoinNews', 'url': 'https://ourbitcoinnews.com/', 'favicon': 'https://assets.cryptocontrol.io/favicons/5d9ec6b0d37160001a8c2a84.png'}",https://cloudfront.cryptocontrol.io/thumbnails/5f5f675b6654fc001af3d450-1600087899964.jpg,ourbitcoinnews.com,https://ourbitcoinnews.sfo2.digitaloceanspaces.com/2020/09/05-binance.jpg
5f5f68136654fc001af3d48d,74078.18817780462,0.12151113796169455,Exchanges,623,[],"[{'_id': '5cd36d8270d74700100891ad', 'name': 'NEXT', 'slug': 'next', 'tradingSymbol': 'NET'}, {'_id': '5b7ca78b0c38a700190ebdff', 'name': 'Own', 'slug': 'own', 'tradingSymbol': 'CHX'}, {'_id': '59d21e9b83a0523906a45dd4', 'name': 'Binance Coin', 'slug': 'binance-coin', 'tradingSymbol': 'BNB'}, {'_id': '5e3844a816c3760019f74be2', 'name': 'Rally', 'slug': 'rally', 'tradingSymbol': 'RALLY'}, {'_id': '5e3844a816c3760019f74b72', 'name': 'Defi', 'slug': 'defi', 'tradingSymbol': 'DEFI'}, {'_id': '5b0600845d27780010d289f3', 'name': 'RED', 'slug': 'red', 'tradingSymbol': 'RED'}]","Binance Coin has been one of the few altcoins in September that has surged in price, but breaking $35 will be a major challenge for BNB.
In recent weeks, most of the cryptocurrency market has been doing poorly except for a few select altcoins. One of them is Yearn.finance ( YFI ), which was…",2020-09-14T12:24:00.000Z,Can Binance Coin hit $40? BNB faces last hurdle before all-time highs,https://cryptocontrol.io/r/api/article/5f5f68136654fc001af3d48d?ref=5f5ffe6559e3200017b06c42,"{'_id': '59d70be3ef8bf95cc2aa2b4f', 'name': 'CoinTelegraph', 'url': 'https://cointelegraph.com/', 'favicon': 'https://assets.cryptocontrol.io/favicons/59d70be3ef8bf95cc2aa2b4f.png'}",https://cloudfront.cryptocontrol.io/thumbnails/5f5f68136654fc001af3d48d-1600088083497.jpg,cointelegraph.com,https://images.cointelegraph.com/images/740_aHR0cHM6Ly9zMy5jb2ludGVsZWdyYXBoLmNvbS9zdG9yYWdlL3VwbG9hZHMvdmlldy8zYTZlNGI4NDk1NjkxYWEwYTU5Y2I0NDAyYzM4ODQ0OC5qcGc=.jpg
